Metric,Value
Correlation,-0.0035137108246192767
R-squared,1.2346163759046791e-05
Price Variation,
Volume Impact,0.9541581208599474
Price Impact,
