Month,Moving_Average_Forecast,Trend_Forecast
Month 1,73771352.66666667,74918498.57575756
Month 2,73771352.66666667,76636784.56177156
Month 3,73771352.66666667,78355070.54778554
